run_id,target_standard,sample_flow_ml_min,secondary_trap_required,acceptance_metric,actual_sample_flow_ml_min,actual_sample_volume_ml,actual_relative_humidity_percent,actual_temperature_K,actual_pressure_atm,actual_desorption_volume_ml,toluene_primary_pmol,toluene_secondary_pmol,butanone_primary_pmol,butanone_secondary_pmol,H2O_CO2_tau_pre_1030_75_cm-1,H2O_CO2_tau_post_1030_75_cm-1,H2O_CO2_tau_pre_939_20_cm-1,H2O_CO2_tau_post_939_20_cm-1,deviation_or_note,phase,condition,replicate,input_concentration_ppb,relative_humidity_percent,sample_volume_ml
BV-001,Toluene+X2_Butanone,200.0,False,blank_ppb,,,,,,,,,,,,,,,,system_blank,sequence_start,1,0.0,0.0,500.0
BV-002,Toluene+X2_Butanone,200.0,False,blank_ppb,,,,,,,,,,,,,,,,system_blank,sequence_start,2,0.0,0.0,500.0
BV-003,Toluene+X2_Butanone,200.0,False,blank_ppb,,,,,,,,,,,,,,,,system_blank,sequence_start,3,0.0,0.0,500.0
BV-004,Toluene+X2_Butanone,200.0,False,recovery_and_rsd,,,,,,,,,,,,,,,,recovery_precision,0.1ppb_90RH,4,0.1,90.0,500.0
BV-005,Toluene+X2_Butanone,200.0,False,recovery_and_rsd,,,,,,,,,,,,,,,,recovery_precision,0.1ppb_90RH,6,0.1,90.0,500.0
BV-006,Toluene+X2_Butanone,200.0,False,recovery_and_rsd,,,,,,,,,,,,,,,,recovery_precision,1ppb_0RH,2,1.0,0.0,500.0
BV-007,Toluene+X2_Butanone,200.0,False,recovery_and_rsd,,,,,,,,,,,,,,,,recovery_precision,1ppb_0RH,1,1.0,0.0,500.0
BV-008,Toluene+X2_Butanone,200.0,False,recovery_and_rsd,,,,,,,,,,,,,,,,recovery_precision,0.1ppb_90RH,3,0.1,90.0,500.0
BV-009,Toluene+X2_Butanone,200.0,False,recovery_and_rsd,,,,,,,,,,,,,,,,recovery_precision,0.1ppb_0RH,3,0.1,0.0,500.0
BV-010,Toluene+X2_Butanone,200.0,False,recovery_and_rsd,,,,,,,,,,,,,,,,recovery_precision,0.1ppb_50RH,4,0.1,50.0,500.0
BV-011,Toluene+X2_Butanone,200.0,False,recovery_and_rsd,,,,,,,,,,,,,,,,recovery_precision,1ppb_50RH,5,1.0,50.0,500.0
BV-012,Toluene+X2_Butanone,200.0,False,recovery_and_rsd,,,,,,,,,,,,,,,,recovery_precision,10ppb_0RH,4,10.0,0.0,500.0
BV-013,Toluene+X2_Butanone,200.0,False,recovery_and_rsd,,,,,,,,,,,,,,,,recovery_precision,1ppb_0RH,5,1.0,0.0,500.0
BV-014,Toluene+X2_Butanone,200.0,False,recovery_and_rsd,,,,,,,,,,,,,,,,recovery_precision,0.1ppb_0RH,4,0.1,0.0,500.0
BV-015,Toluene+X2_Butanone,200.0,False,recovery_and_rsd,,,,,,,,,,,,,,,,recovery_precision,10ppb_50RH,5,10.0,50.0,500.0
BV-016,Toluene+X2_Butanone,200.0,False,recovery_and_rsd,,,,,,,,,,,,,,,,recovery_precision,10ppb_50RH,7,10.0,50.0,500.0
BV-017,Toluene+X2_Butanone,200.0,False,recovery_and_rsd,,,,,,,,,,,,,,,,recovery_precision,1ppb_50RH,4,1.0,50.0,500.0
BV-018,Toluene+X2_Butanone,200.0,False,recovery_and_rsd,,,,,,,,,,,,,,,,recovery_precision,0.1ppb_0RH,6,0.1,0.0,500.0
BV-019,Toluene+X2_Butanone,200.0,False,recovery_and_rsd,,,,,,,,,,,,,,,,recovery_precision,1ppb_50RH,6,1.0,50.0,500.0
BV-020,Toluene+X2_Butanone,200.0,False,recovery_and_rsd,,,,,,,,,,,,,,,,recovery_precision,10ppb_0RH,6,10.0,0.0,500.0
BV-021,Toluene+X2_Butanone,200.0,False,recovery_and_rsd,,,,,,,,,,,,,,,,recovery_precision,10ppb_50RH,4,10.0,50.0,500.0
BV-022,Toluene+X2_Butanone,200.0,False,recovery_and_rsd,,,,,,,,,,,,,,,,recovery_precision,10ppb_90RH,4,10.0,90.0,500.0
BV-023,Toluene+X2_Butanone,200.0,False,recovery_and_rsd,,,,,,,,,,,,,,,,recovery_precision,0.1ppb_90RH,5,0.1,90.0,500.0
BV-024,Toluene+X2_Butanone,200.0,False,recovery_and_rsd,,,,,,,,,,,,,,,,recovery_precision,10ppb_90RH,7,10.0,90.0,500.0
BV-025,Toluene+X2_Butanone,200.0,False,recovery_and_rsd,,,,,,,,,,,,,,,,recovery_precision,1ppb_90RH,4,1.0,90.0,500.0
BV-026,Toluene+X2_Butanone,200.0,False,recovery_and_rsd,,,,,,,,,,,,,,,,recovery_precision,1ppb_0RH,6,1.0,0.0,500.0
BV-027,Toluene+X2_Butanone,200.0,False,recovery_and_rsd,,,,,,,,,,,,,,,,recovery_precision,0.1ppb_90RH,1,0.1,90.0,500.0
BV-028,Toluene+X2_Butanone,200.0,False,recovery_and_rsd,,,,,,,,,,,,,,,,recovery_precision,1ppb_50RH,3,1.0,50.0,500.0
BV-029,Toluene+X2_Butanone,200.0,False,recovery_and_rsd,,,,,,,,,,,,,,,,recovery_precision,0.1ppb_90RH,7,0.1,90.0,500.0
BV-030,Toluene+X2_Butanone,200.0,False,recovery_and_rsd,,,,,,,,,,,,,,,,recovery_precision,1ppb_0RH,7,1.0,0.0,500.0
BV-031,Toluene+X2_Butanone,200.0,False,recovery_and_rsd,,,,,,,,,,,,,,,,recovery_precision,10ppb_90RH,5,10.0,90.0,500.0
BV-032,Toluene+X2_Butanone,200.0,False,recovery_and_rsd,,,,,,,,,,,,,,,,recovery_precision,0.1ppb_50RH,2,0.1,50.0,500.0
BV-033,Toluene+X2_Butanone,200.0,False,recovery_and_rsd,,,,,,,,,,,,,,,,recovery_precision,10ppb_90RH,6,10.0,90.0,500.0
BV-034,Toluene+X2_Butanone,200.0,False,recovery_and_rsd,,,,,,,,,,,,,,,,recovery_precision,0.1ppb_0RH,5,0.1,0.0,500.0
BV-035,Toluene+X2_Butanone,200.0,False,recovery_and_rsd,,,,,,,,,,,,,,,,recovery_precision,10ppb_0RH,5,10.0,0.0,500.0
BV-036,Toluene+X2_Butanone,200.0,False,recovery_and_rsd,,,,,,,,,,,,,,,,recovery_precision,10ppb_90RH,3,10.0,90.0,500.0
BV-037,Toluene+X2_Butanone,200.0,False,recovery_and_rsd,,,,,,,,,,,,,,,,recovery_precision,0.1ppb_50RH,1,0.1,50.0,500.0
BV-038,Toluene+X2_Butanone,200.0,False,recovery_and_rsd,,,,,,,,,,,,,,,,recovery_precision,1ppb_0RH,4,1.0,0.0,500.0
BV-039,Toluene+X2_Butanone,200.0,False,recovery_and_rsd,,,,,,,,,,,,,,,,recovery_precision,1ppb_50RH,7,1.0,50.0,500.0
BV-040,Toluene+X2_Butanone,200.0,False,recovery_and_rsd,,,,,,,,,,,,,,,,recovery_precision,1ppb_0RH,3,1.0,0.0,500.0
BV-041,Toluene+X2_Butanone,200.0,False,recovery_and_rsd,,,,,,,,,,,,,,,,recovery_precision,0.1ppb_0RH,7,0.1,0.0,500.0
BV-042,Toluene+X2_Butanone,200.0,False,recovery_and_rsd,,,,,,,,,,,,,,,,recovery_precision,1ppb_90RH,3,1.0,90.0,500.0
BV-043,Toluene+X2_Butanone,200.0,False,recovery_and_rsd,,,,,,,,,,,,,,,,recovery_precision,1ppb_50RH,1,1.0,50.0,500.0
BV-044,Toluene+X2_Butanone,200.0,False,recovery_and_rsd,,,,,,,,,,,,,,,,recovery_precision,10ppb_0RH,3,10.0,0.0,500.0
BV-045,Toluene+X2_Butanone,200.0,False,recovery_and_rsd,,,,,,,,,,,,,,,,recovery_precision,10ppb_0RH,2,10.0,0.0,500.0
BV-046,Toluene+X2_Butanone,200.0,False,recovery_and_rsd,,,,,,,,,,,,,,,,recovery_precision,10ppb_50RH,3,10.0,50.0,500.0
BV-047,Toluene+X2_Butanone,200.0,False,recovery_and_rsd,,,,,,,,,,,,,,,,recovery_precision,1ppb_90RH,7,1.0,90.0,500.0
BV-048,Toluene+X2_Butanone,200.0,False,recovery_and_rsd,,,,,,,,,,,,,,,,recovery_precision,0.1ppb_0RH,1,0.1,0.0,500.0
BV-049,Toluene+X2_Butanone,200.0,False,recovery_and_rsd,,,,,,,,,,,,,,,,recovery_precision,0.1ppb_0RH,2,0.1,0.0,500.0
BV-050,Toluene+X2_Butanone,200.0,False,recovery_and_rsd,,,,,,,,,,,,,,,,recovery_precision,1ppb_90RH,6,1.0,90.0,500.0
BV-051,Toluene+X2_Butanone,200.0,False,recovery_and_rsd,,,,,,,,,,,,,,,,recovery_precision,0.1ppb_50RH,5,0.1,50.0,500.0
BV-052,Toluene+X2_Butanone,200.0,False,recovery_and_rsd,,,,,,,,,,,,,,,,recovery_precision,1ppb_90RH,5,1.0,90.0,500.0
BV-053,Toluene+X2_Butanone,200.0,False,recovery_and_rsd,,,,,,,,,,,,,,,,recovery_precision,10ppb_0RH,7,10.0,0.0,500.0
BV-054,Toluene+X2_Butanone,200.0,False,recovery_and_rsd,,,,,,,,,,,,,,,,recovery_precision,10ppb_90RH,1,10.0,90.0,500.0
BV-055,Toluene+X2_Butanone,200.0,False,recovery_and_rsd,,,,,,,,,,,,,,,,recovery_precision,0.1ppb_50RH,3,0.1,50.0,500.0
BV-056,Toluene+X2_Butanone,200.0,False,recovery_and_rsd,,,,,,,,,,,,,,,,recovery_precision,1ppb_90RH,2,1.0,90.0,500.0
BV-057,Toluene+X2_Butanone,200.0,False,recovery_and_rsd,,,,,,,,,,,,,,,,recovery_precision,10ppb_50RH,6,10.0,50.0,500.0
BV-058,Toluene+X2_Butanone,200.0,False,recovery_and_rsd,,,,,,,,,,,,,,,,recovery_precision,10ppb_90RH,2,10.0,90.0,500.0
BV-059,Toluene+X2_Butanone,200.0,False,recovery_and_rsd,,,,,,,,,,,,,,,,recovery_precision,0.1ppb_90RH,2,0.1,90.0,500.0
BV-060,Toluene+X2_Butanone,200.0,False,recovery_and_rsd,,,,,,,,,,,,,,,,recovery_precision,10ppb_0RH,1,10.0,0.0,500.0
BV-061,Toluene+X2_Butanone,200.0,False,recovery_and_rsd,,,,,,,,,,,,,,,,recovery_precision,0.1ppb_50RH,7,0.1,50.0,500.0
BV-062,Toluene+X2_Butanone,200.0,False,recovery_and_rsd,,,,,,,,,,,,,,,,recovery_precision,10ppb_50RH,2,10.0,50.0,500.0
BV-063,Toluene+X2_Butanone,200.0,False,recovery_and_rsd,,,,,,,,,,,,,,,,recovery_precision,1ppb_90RH,1,1.0,90.0,500.0
BV-064,Toluene+X2_Butanone,200.0,False,recovery_and_rsd,,,,,,,,,,,,,,,,recovery_precision,1ppb_50RH,2,1.0,50.0,500.0
BV-065,Toluene+X2_Butanone,200.0,False,recovery_and_rsd,,,,,,,,,,,,,,,,recovery_precision,0.1ppb_50RH,6,0.1,50.0,500.0
BV-066,Toluene+X2_Butanone,200.0,False,recovery_and_rsd,,,,,,,,,,,,,,,,recovery_precision,10ppb_50RH,1,10.0,50.0,500.0
BV-067,Toluene+X2_Butanone,200.0,True,secondary_trap_percent,,,,,,,,,,,,,,,,breakthrough,2000mL_50RH,1,1.0,50.0,2000.0
BV-068,Toluene+X2_Butanone,200.0,True,secondary_trap_percent,,,,,,,,,,,,,,,,breakthrough,500mL_50RH,2,1.0,50.0,500.0
BV-069,Toluene+X2_Butanone,200.0,True,secondary_trap_percent,,,,,,,,,,,,,,,,breakthrough,500mL_90RH,1,1.0,90.0,500.0
BV-070,Toluene+X2_Butanone,200.0,True,secondary_trap_percent,,,,,,,,,,,,,,,,breakthrough,1000mL_90RH,3,1.0,90.0,1000.0
BV-071,Toluene+X2_Butanone,200.0,True,secondary_trap_percent,,,,,,,,,,,,,,,,breakthrough,2000mL_50RH,3,1.0,50.0,2000.0
BV-072,Toluene+X2_Butanone,200.0,True,secondary_trap_percent,,,,,,,,,,,,,,,,breakthrough,1000mL_50RH,2,1.0,50.0,1000.0
BV-073,Toluene+X2_Butanone,200.0,True,secondary_trap_percent,,,,,,,,,,,,,,,,breakthrough,500mL_50RH,3,1.0,50.0,500.0
BV-074,Toluene+X2_Butanone,200.0,True,secondary_trap_percent,,,,,,,,,,,,,,,,breakthrough,2000mL_90RH,1,1.0,90.0,2000.0
BV-075,Toluene+X2_Butanone,200.0,True,secondary_trap_percent,,,,,,,,,,,,,,,,breakthrough,1000mL_50RH,1,1.0,50.0,1000.0
BV-076,Toluene+X2_Butanone,200.0,True,secondary_trap_percent,,,,,,,,,,,,,,,,breakthrough,2000mL_90RH,3,1.0,90.0,2000.0
BV-077,Toluene+X2_Butanone,200.0,True,secondary_trap_percent,,,,,,,,,,,,,,,,breakthrough,500mL_90RH,2,1.0,90.0,500.0
BV-078,Toluene+X2_Butanone,200.0,True,secondary_trap_percent,,,,,,,,,,,,,,,,breakthrough,2000mL_90RH,2,1.0,90.0,2000.0
BV-079,Toluene+X2_Butanone,200.0,True,secondary_trap_percent,,,,,,,,,,,,,,,,breakthrough,500mL_50RH,1,1.0,50.0,500.0
BV-080,Toluene+X2_Butanone,200.0,True,secondary_trap_percent,,,,,,,,,,,,,,,,breakthrough,1000mL_90RH,2,1.0,90.0,1000.0
BV-081,Toluene+X2_Butanone,200.0,True,secondary_trap_percent,,,,,,,,,,,,,,,,breakthrough,2000mL_50RH,2,1.0,50.0,2000.0
BV-082,Toluene+X2_Butanone,200.0,True,secondary_trap_percent,,,,,,,,,,,,,,,,breakthrough,500mL_90RH,3,1.0,90.0,500.0
BV-083,Toluene+X2_Butanone,200.0,True,secondary_trap_percent,,,,,,,,,,,,,,,,breakthrough,1000mL_90RH,1,1.0,90.0,1000.0
BV-084,Toluene+X2_Butanone,200.0,True,secondary_trap_percent,,,,,,,,,,,,,,,,breakthrough,1000mL_50RH,3,1.0,50.0,1000.0
BV-085,Toluene+X2_Butanone,200.0,False,challenge,,,,,,,,,,,,,,,,carryover,high_challenge,1,10.0,90.0,500.0
BV-086,Toluene+X2_Butanone,200.0,False,carryover_percent,,,,,,,,,,,,,,,,carryover,immediate_blank,1,0.0,90.0,500.0
BV-087,Toluene+X2_Butanone,200.0,False,challenge,,,,,,,,,,,,,,,,carryover,high_challenge,2,10.0,90.0,500.0
BV-088,Toluene+X2_Butanone,200.0,False,carryover_percent,,,,,,,,,,,,,,,,carryover,immediate_blank,2,0.0,90.0,500.0
BV-089,Toluene+X2_Butanone,200.0,False,challenge,,,,,,,,,,,,,,,,carryover,high_challenge,3,10.0,90.0,500.0
BV-090,Toluene+X2_Butanone,200.0,False,carryover_percent,,,,,,,,,,,,,,,,carryover,immediate_blank,3,0.0,90.0,500.0
BV-091,Toluene+X2_Butanone,200.0,False,challenge,,,,,,,,,,,,,,,,carryover,high_challenge,4,10.0,90.0,500.0
BV-092,Toluene+X2_Butanone,200.0,False,carryover_percent,,,,,,,,,,,,,,,,carryover,immediate_blank,4,0.0,90.0,500.0
BV-093,Toluene+X2_Butanone,200.0,False,challenge,,,,,,,,,,,,,,,,carryover,high_challenge,5,10.0,90.0,500.0
BV-094,Toluene+X2_Butanone,200.0,False,carryover_percent,,,,,,,,,,,,,,,,carryover,immediate_blank,5,0.0,90.0,500.0
BV-095,Toluene+X2_Butanone,200.0,False,challenge,,,,,,,,,,,,,,,,carryover,high_challenge,6,10.0,90.0,500.0
BV-096,Toluene+X2_Butanone,200.0,False,carryover_percent,,,,,,,,,,,,,,,,carryover,immediate_blank,6,0.0,90.0,500.0
BV-097,Toluene+X2_Butanone,200.0,False,challenge,,,,,,,,,,,,,,,,carryover,high_challenge,7,10.0,90.0,500.0
BV-098,Toluene+X2_Butanone,200.0,False,carryover_percent,,,,,,,,,,,,,,,,carryover,immediate_blank,7,0.0,90.0,500.0
BV-099,Toluene+X2_Butanone,200.0,False,post_treatment_background_optical_depth,,,,,,,,,,,,,,,,background_residual,zero_air_90RH,5,0.0,90.0,500.0
BV-100,Toluene+X2_Butanone,200.0,False,post_treatment_background_optical_depth,,,,,,,,,,,,,,,,background_residual,zero_air_50RH,3,0.0,50.0,500.0
BV-101,Toluene+X2_Butanone,200.0,False,post_treatment_background_optical_depth,,,,,,,,,,,,,,,,background_residual,zero_air_50RH,7,0.0,50.0,500.0
BV-102,Toluene+X2_Butanone,200.0,False,post_treatment_background_optical_depth,,,,,,,,,,,,,,,,background_residual,zero_air_90RH,2,0.0,90.0,500.0
BV-103,Toluene+X2_Butanone,200.0,False,post_treatment_background_optical_depth,,,,,,,,,,,,,,,,background_residual,zero_air_90RH,1,0.0,90.0,500.0
BV-104,Toluene+X2_Butanone,200.0,False,post_treatment_background_optical_depth,,,,,,,,,,,,,,,,background_residual,zero_air_50RH,5,0.0,50.0,500.0
BV-105,Toluene+X2_Butanone,200.0,False,post_treatment_background_optical_depth,,,,,,,,,,,,,,,,background_residual,zero_air_90RH,7,0.0,90.0,500.0
BV-106,Toluene+X2_Butanone,200.0,False,post_treatment_background_optical_depth,,,,,,,,,,,,,,,,background_residual,zero_air_50RH,2,0.0,50.0,500.0
BV-107,Toluene+X2_Butanone,200.0,False,post_treatment_background_optical_depth,,,,,,,,,,,,,,,,background_residual,zero_air_90RH,4,0.0,90.0,500.0
BV-108,Toluene+X2_Butanone,200.0,False,post_treatment_background_optical_depth,,,,,,,,,,,,,,,,background_residual,zero_air_90RH,6,0.0,90.0,500.0
BV-109,Toluene+X2_Butanone,200.0,False,post_treatment_background_optical_depth,,,,,,,,,,,,,,,,background_residual,zero_air_90RH,3,0.0,90.0,500.0
BV-110,Toluene+X2_Butanone,200.0,False,post_treatment_background_optical_depth,,,,,,,,,,,,,,,,background_residual,zero_air_50RH,6,0.0,50.0,500.0
BV-111,Toluene+X2_Butanone,200.0,False,post_treatment_background_optical_depth,,,,,,,,,,,,,,,,background_residual,zero_air_50RH,4,0.0,50.0,500.0
BV-112,Toluene+X2_Butanone,200.0,False,post_treatment_background_optical_depth,,,,,,,,,,,,,,,,background_residual,zero_air_50RH,1,0.0,50.0,500.0
BV-113,Toluene+X2_Butanone,200.0,False,blank_ppb,,,,,,,,,,,,,,,,system_blank,sequence_end,1,0.0,0.0,500.0
BV-114,Toluene+X2_Butanone,200.0,False,blank_ppb,,,,,,,,,,,,,,,,system_blank,sequence_end,2,0.0,0.0,500.0
BV-115,Toluene+X2_Butanone,200.0,False,blank_ppb,,,,,,,,,,,,,,,,system_blank,sequence_end,3,0.0,0.0,500.0
